name:address:phone:email
Antsiranana:28 Bis Rue Richelieu BP 59 ANTSIRANANA, 201:+261 20 82 21437;+261 20 82 21293:boa1000@boa.mg
Antsiranana Tanambao:Angle rue Ankarana et Avenue Rejoyeuse, Tanambao ANTSIRANANA, 201:+261 20 82 22845;+261 20 82 22848:boa1001@boa.mg
Ambanja:Ankatafahely BP 39, AMBANJA, 203:+261 20 86 50074;+261 20 86 50261:boa1800@boa.mg
Ambilobe:Ambilobe Ville, AMBILOBE, 204:+261 20 82 06051:boa1600@boa.mg
Nosy Be:Rue Galliéni Camp-Vert BP 175, NOSY BE, 207:+261 20 86 61092;+261 20 86 61230:boa1300@boa.mg
Andapa:Beanana Andapa BP 42 ANDAPA, 205:+261 20 88 07060;+261 20 88 07008:boa1900@boa.mg
Antalaha:Lot K 58 A Tanambao BP 100 ATALAHA, 206:+261 20 88 96433:boa1500@boa.mg
Sambava:Rue de Commerce BP 41 SAMBAVA, 208:+261 20 88 92094;+261 20 88 92207:boa1100@boa.mg
Vohémar:Rue Dame de France BP 61 VOHEMAR, 209:+261 20 88 06313;+261 20 88 06314:boa1700@boa.mg
Antsohihy:Ambalakida BP 40 ANTSOHIHY, 407:+261 20 67 01124;+261 20 67 01125:boa3500@boa.mg
Mampikony:"Villa ""Mahasoalaza"", lot 86 A Mahiagogo MAMPIKONY, CP 414":+261 34 99 25649;+261 34 99 25651:boa3100@boa.mg
Mandritsara:Ambalambe, Bazarin-tsarety, Mandritsara 415:+261 34 99 25646;+261 34 99 25647:boa3501@boa.mg
Port Berge (Boriziny):Propriété dite « VILLA AICHA ISMILLAH » Mahasalama, PORT BERGE 419:+261 34 07 76685:boa3200@boa.mg
Sainte Marie:Ambodifotatra SAINTE MARIE, 515:+261 20 57 40388:boa4200@boa.mg
Fenerive Est:Fénérive Doany, BP 16, Fénérive-Est 509:+261 20 57 30012;+261 20 57 30 304:boa4800@boa.mg
Mananara Nord:Antanambao BP 47 MANANARA NORD, 511:+261 34 71 21178:boa4300@boa.mg
Maroantsetra:Rue Clémenceau, Androkaroka BP 34, MAROANTSETRA, 512:+261 33 14 60580;+261 32 05 00417:boa4400@boa.mg
Ambatondrazaka:Rue Jeanne d'Arc Antsahatanteraka BP 53 AMBATONDRAZAKA, 503:+261 20 54 81276;+261 20 54 81277:boa4500@boa.mg
Amparafaravola:Amparafaravola Centre BP 40 AMPARAFARAVOLA, 504:+261 20 54 81711:boa4900@boa.mg
Moramanga:Lot 239 ter BP 83 MORAMANGA, 514:+261 20 56 82025;+261 20 56 82469:boa4600@boa.mg
Tanambe:Tanambe, Centre BP 9 TANAMBE 208:+261 34 10 40300;+261 34 40 48555:boa4902@boa.mg
Brickaville:Ambalatenina, Brickaville CP 508:+261 34 48 26758;+261 34 48 26760:boa4700@boa.mg
Toamasina Augagneur:Boulevard Augagneur BP 43 TOAMASINA, 501:+261 20 53 32755;+261 20 53 33084:boa4000@boa.mg
Toamasina Caf Augagneur:Boulevard Augagneur BP 43 TOAMASINA, 501:+261 20 53 31430;+261 20 53 31433:boa7400@boa.mg
Toamasina Commerce:Rue de Commerce BP 86, TOAMASINA, 501:+261 20 53 33064:boa4020@boa.mg
Elite Augagneur:Boulevard Augagneur BP 43 TOAMASINA, 501:+261 20 53 31432;+261 20 53 31447:boa4010@boa.mg
Mangarivotra:LOT 498 Parcelle 11/11 MANGARIVOTRA NORD 501 TOAMASINA I:+261 20 53 31026:boa4030@boa.mg
Mahanoro:Antanamborozano BP 95, MAHANORO, 510:+261 20 53 90146;+261 20 53 90100:boa4100@boa.mg
Mahajanga:Rue Georges V BP 129, MAHAJANGA, 401:+261 20 62 22036;+261 20 62 22037:boa3000@boa.mg
Tsaramandroso:Royal Trade Center Tsaramandroso Ambany, MAHAJANGA:+261 20 62 23183;+261 20 62 23185:boa3010@boa.mg
Marovoay:Morafeno MAROVOAY, 416:+261 32 04 55233;+261 32 40 83660;+261 32 07 21619:boa3600@boa.mg
Maevatanana:Andranomangatsiaka (ex-Magasin M), MAEVATANANA:+261 34 02 05454:boa3800@boa.mg
Maintirano:Lot 72 A 4 Marodoka BP 78 MAINTIRANO, 413:+261 20 65 02009;+261 20 65 02010:boa3700@boa.mg
Agence Centrale Antaninarenina:2, Place Philibert TSIRANANA BP 183 ANTANINARENINA ANTANANARIVO, 101:+261 20 22 39250;+261 20 22 39100:boa5000@boa.mg
Près Cenam 67 Ha:67ha sud près CENAM Antetezana Afovoany Andrefana ANTANANARIVO, 101:+261 20 22 28802;+261 20 22 28803:boa5025@boa.mg
Ambanidia:Lot V D 33 Ter Ambanidia ANTANANARIVO, 101:+261 20 22 62382:boa5045@boa.mg
Ambodimita-Ambohimanarina:Lot IVH 52 A Ambodimita Ambohimanarina ANTANANARIVO, 101:+261 20 23 32053;+261 20 23 32054:boa5050@boa.mg
Ampandrana:Lot A 90 bis Ampandrana ANTANANARIVO, 101:+261 20 22 28010;+261 20 22 28020:boa5610@boa.mg
Ampefiloha Cnaps:Enceinte CNaPS, Place HO Chi Mihn Ampefiloha::
Andravoahangy:Immeuble Soloprix, Rue Maître ALBERTINI Andravoahangy BP 183 ANTANANARIVO, 101:+261 20 22 23687;+261 20 22 66100:boa5600@boa.mg
Andramasina:Lot II C 59 ADRAMASINA, 106:+261 32 05 33257:boa5503@boa.mg
Andrefan'ambohijanahary:Prs Lot III M33 OUEST Ambohijanahary ANTANANARIVO, 101:+261 20 22 27709;+261 20 22 27710:boa5030@boa.mg
Anjozorobe:Ambanitsena, 107 Anjozorobe:+261 34 99 25638;+261 34 99 25639:boa5603@boa.mg
Ankazobe:LOT IC 32 ANKAZOBE I CR ANKAZOBE 108 ANKAZOBE:+261 34 02 54255:boa5504@boa.mg
Ankazomanga:2, rue Docteur RASSETA Ankazomanga ANTANANARIVO, 101:+261 20 23 29790;+261 20 23 29792:boa5055@boa.mg
Ankorondrano:CENTRE D'AFFAIRES MADECASSE II, Ankorondrano, Antananarivo 101:+261 20 22 33464:boa5605@boa.mg
Anosizato-Andrefana:Lot AZ 200 AI Anosizato Andrefana ANTANANARIVO, 102:+261 20 22 23840;+261 20 22 23842:boa5032@boa.mg
Agence B Antaninarenina:Angle Rue PAUL DUSSAC/ JEAN JAURES ANTANINARENINA ANTANANARIVO, 101:+261 20 22 23629;+261 20 22 66837:boa5020@boa.mg
Caf Ankadimbahoaka:"1er Etage, Immeuble ""ALHAMBRA GALLERY"", Ankaditoho, Ankadimbahoaka, ANTANANARIVO 101":+261 20 22 69250:boa7500@boa.mg
Elite Alhambra:"Rez de chaussée Immeuble "" ALHAMBRA GALLERY"", Ankaditoho,Ankadimbahoaka TANA 101":+261 20 22 69255:boa5015@boa.mg
Caf Ivandry:Rez de chaussée, Immeuble Assist Ivandry, Antananarivo, 101:+261 20 22 43322:boa7000@boa.mg
Agence Elite:Rez de chaussée, Immeuble Assist Ivandry, Antananarivo, 101:+261 20 22 43865:boa5010@boa.mg
Faratsiho:Antsenakely, face FJKM, 114 Faratsiho:+261 34 99 45634;+261 34 99 25641:boa5900@boa.mg
Imerintsiatosika:Miakadaza, Propriété MANOMESOA II Commune rurale Imerintsiatosika ANTANANARIVO:+261 34 07 76682;+261 34 07 76681:boa5201@boa.mg
Itaosy:Lot IPA 52 Immeuble sise AMBOHIDAHY Itaosy, Antananarivo 102:+261 20 22 31533;+261 20 22 31538:boa5065@boa.mg
Ivandry:Rez de chaussée, Immeuble Assist Ivandry, Antananarivo, 101:+261 20 22 43865:boa5060@boa.mg
Ivato (Bureau De Change):Aéroport Ivato, ANTANANARIVO:+261 20 24 30176:boa5080@boa.mg
Agence Akoor:Galerie Akoor Digue Ikopa Ambohimanarina::boa5085@boa.mg
Mahazo:Villa MIADANA XXIII MAHAZO ANTANANARIVO, 101:+261 20 22 59054;+261 20 22 59047:boa5070@boa.mg
Mahitsy:Lot B 108 MAHITSY, 105:+261 34 24 58097:boa5502@boa.mg
Manjakandriana:Lot MJV 26 MANJAKANDRIANA, 116:+261 34 91 33838:boa5602@boa.mg
Soarano:3 Avenue de l'Indépendance BP 183 ANTANANARIVO, 101:+261 20 22 67610;+261 20 22 66488:boa5500@boa.mg
Talatamaty:Lot 71 TALATAMATY:+261 20 22 48003:boa5604@boa.mg
Tanjombato:Immeuble IKOPA Center BP 183 ANTANANARIVO, 101:+261 20 22 57065:boa5040@boa.mg
Andoharanofotsy:Lot IB 328 Andoharanofotsy ANTANANARIVO 102:+261 20 22 46012;+261 20 22 46013:boa5042@boa.mg
Tsimbazaza:III P 396 Anjahana Marohoho Tsimbazaza ANTANANARIVO, 101:+261 20 22 31730:boa5035@boa.mg
Alarobia Amboniloha:Batiment ABC ANTANANARIVO 101:+261 20 22 49597:boa5074@boa.mg
Sabotsy Namehana:LOT AF 91 ter Andoharano SABOTSY NAMEHANA:+261 20 22 42488:boa5095@boa.mg
Tsiroanomandidy:Tsiroanomandidy BP 32 TSIROANOMANDIDY, 119:+261 20 48 83431:boa5300@boa.mg
Miarinarivo:Andrefantanàna BP 20 MIARINARIVO, 117:+261 20 48 83431;+261 20 48 83449:boa5700@boa.mg
Arivonimamo:Lot II D 34 Tsarahonenana ARIVONIMAMO, 112:+261 34 48 26761;+261 34 48 26762:boa5200@boa.mg
Soavinandriana:Lot 03/01/n°04 Avaratsena Soavinandriana:+261 34 67 10856;+261 34 67 10857:boa5701@boa.mg
Morondava:Angle Rue de Lille/ Reines BP 239 MORONDAVA, 619:+261 20 95 52442;+261 20 95 52379:boa6500@boa.mg
Miandrivazo:Face Gendarmerie Nationale, MIANDRIVAZO 617:+261 20 26 40640:boa6510@boa.mg
Ambatolampy:Bemasoandro Est BP 47, AMBATOLAMPY, 104:+261 20 42 49231:boa5100@boa.mg
Antsirabe Rue Ralaimongo:Lot 22 K 30, Rue Jean RALAIMONGO ANTSIRABE, 110:+261 20 44 48037;+261 20 44 43071:boa5800@boa.mg
Antsirabe Mahazoarivo Atsimo:Lot 19 B 330 Mahazoarivo Sud, ANTSIRABE:+261 20 44 49579:boa5810@boa.mg
Ambositra:Lot VII C 6 Alakamisy Ambohimiadana BP 42, AMBOSITRA, 306:+261 20 47 71385:boa2800@boa.mg
Manakara:Boulevard Maritime BP 26, MANAKARA, 316:+261 20 72 21494:boa2500@boa.mg
Mananjary:Tanambazaha, MANANJARY Ville, 317:+261 20 72 09454:boa2600@boa.mg
Morombe:Tsinjorano BP 10 MOROMBE, 618:+261 34 22 39257;+261 34 46 28732:boa6300@boa.mg
Sakaraha:Besavoa, 620 Sakaraha:+261 34 99 25635;+261 34 99 25636:boa6110@boa.mg
Tanambao Sanfily Toliara:Tanambao, Sanfily, 601 Toliara:+261 20 94 44477;+261 20 94 44478:boa6010@boa.mg
Toliary:Boulevard CAMPISTRON BP 04, TOLIARY, 601:+261 20 94 42028;+261 20 94 41771:boa6000@boa.mg
Ambohimahasoa:Antalata Centre, Ambohimahasoa 305:+261 34 99 25643;+261 34 99 25644:boa2002@boa.mg
Fianarantsoa:Tsianolondroa BP 17, FIANARANTSOA, 301:+261 20 75 50054;+261 20 75 50055:boa2000@boa.mg
Ambalavao:Lot III E 14 Ambohijafy, Ambalavao Tsienimparihy, FIANARANTSOA, 303:+261 20 75 34064;+261 20 75 34066:boa2300@boa.mg
Ambalakohosoa:LOT 062 E / 3603 AMBALAKOHOSOA FIANARANTSOA:+261 20 75 50710;+261 20 75 50740:boa2010@boa.mg
Ihosy:Villa Soamanitra, Tanambao, IHOSY, 313:+261 20 75 80071:boa2900@boa.mg
Farafangana:Fenoarivo c/o Austral Hotel BP 167 FARAFANGANA, 309:+261 20 73 00805;+261 20 73 00806:boa2100@boa.mg
Vangaindrano:Ampahatelo, VANGAINDRANO, 320:+261 34 10 10580:boa2400@boa.mg
Taolagnaro:Avenue Maréchal Foch, BP 92, Taolagnaro 614:+261 20 92 21218:boa6800@boa.mg
Ambovombe:"Propriété dite ""SANG TAI"" Avaradrova Ambovombe Androy, 60":+261 34 22 39262:boa6200@boa.mg
