Nom,Type,Pays,Région,Localité,Opérateur,Puissance (kW),Longitude,Latitude
Centrale thermique d'Ambatondrazaka,centrale thermique,Madagascar,Alaotra-Mangoro,Ambatondrazaka,Jirama,3440,48.429,-17.826
Centrale thermique d'Ambatosoratra,centrale thermique,Madagascar,Alaotra-Mangoro,Ambatosoratra,EDM,64,48.514,-17.612
Centrale thermique d'Amboasary Gara,centrale thermique,Madagascar,Alaotra-Mangoro,Amboasary Gara,BETC Nanala,64,48.265,-18.444
Centrale thermique d'Amparafaravola,centrale thermique,Madagascar,Alaotra-Mangoro,Amparafaravola,Jirama,376,48.223,-17.584
Centrale thermique d'Ampitatsimo,centrale thermique,Madagascar,Alaotra-Mangoro,Ampitatsimo,Mad'Eole,64,48.381,-17.807
Centrale thermique d'Andaingo,centrale thermique,Madagascar,Alaotra-Mangoro,Andaingo,BETC Nanala,64,48.269,-18.217
Centrale thermique d'Andilamena,centrale thermique,Madagascar,Alaotra-Mangoro,Andilamena,Jirama,476,48.572,-17.013
Centrale thermique d'Anosibe An'ala,centrale thermique,Madagascar,Alaotra-Mangoro,Anosibe An'Ala,Jirama,230,48.205,-19.435
Centrale thermique de Beforona,centrale thermique,Madagascar,Alaotra-Mangoro,Beforona,Elec & Eau,28,48.577,-18.974
Centrale thermique de Bejofo,centrale thermique,Madagascar,Alaotra-Mangoro,Bejofo,BE²,60,48.218,-17.837
Centrale thermique d'Imerimandroso,centrale thermique,Madagascar,Alaotra-Mangoro,Imerimandroso,BETC Nanala,64,48.591,-17.43
Centrale thermique de Manakambahiny,centrale thermique,Madagascar,Alaotra-Mangoro,Manakambahiny,Jirama,210,48.441,-18.02
Centrale thermique de Tanambe,centrale thermique,Madagascar,Alaotra-Mangoro,Tanambe,Jirama,930,48.452,-17.384
Centrale thermique d'Ambatofinandrahana,centrale thermique,Madagascar,Amoron'i Mania,Ambatofinandrahana,Jirama,248,46.8,-20.55
Centrale thermique d'Ambositra,centrale thermique,Madagascar,Amoron'i Mania,Ambositra,Jirama,3290,47.25,-20.517
Centrale thermique de Fahizay,centrale thermique,Madagascar,Amoron'i Mania,Fahizay,Bagelec,24,47.333,-20.511
Centrale thermique de Fandriana,centrale thermique,Madagascar,Amoron'i Mania,Fandriana,HIER,220,47.378,-20.236
Centrale thermique d'Imerina Imady,centrale thermique,Madagascar,Amoron'i Mania,Imerina Imady,Bagelec,24,47.325,-20.529
Centrale thermique d'Ivato,centrale thermique,Madagascar,Amoron'i Mania,Ivato,Bagelec,48,47.198,-20.623
Centrale thermique de Manandriana,centrale thermique,Madagascar,Amoron'i Mania,Manandriana,Jirama,134,46.796,-20.634
Centrale thermique de Sahamadio,centrale thermique,Madagascar,Amoron'i Mania,Sahamadio,Jirafi,275,47.397,-20.291
Centrale thermique de Sandrandahy,centrale thermique,Madagascar,Amoron'i Mania,Sandrandahy,Bagelec,64,47.296,-20.345
Centrale thermique de Soavina,centrale thermique,Madagascar,Amoron'i Mania,Soavina,Bagelec,32,46.914,-20.383
Centrale thermique d'Ambohimanambola,centrale thermique,Madagascar,Analamanga,Ambohimanambola,Jirama,59000,47.595,-18.926
Centrale thermique d'Ambohimanambola (Henri Fraise),centrale thermique,Madagascar,Analamanga,Ambohimanambola,Henri Fraise Fils & Cie,32460,47.593,-18.923
Centrale thermique d'Anjozorobe,centrale thermique,Madagascar,Analamanga,Anjozorobe,Jirama,370,47.884,-18.399
Centrale thermique d'Ankazobe,centrale thermique,Madagascar,Analamanga,Ankazobe,Jirama,670,47.116,-18.314
Centrale hydroélectrique d'Antelomita,centrale hydroélectrique,Madagascar,Analamanga,Alarobia,Jirama,8200,47.7008,-19.014
Centrale hydroélectrique de Fitososona,centrale hydroélectrique,Madagascar,Analamanga,Ankazobe,Jirama,50,47.1241,-18.318
Centrale hydroélectrique de Mandraka,centrale hydroélectrique,Madagascar,Analamanga,Mandraka,Jirama,24000,47.9232,-18.917
Centrale thermique de Mandroseza,centrale thermique,Madagascar,Analamanga,Mandroseza,Jirama,40000,47.55,-18.931
Centrale thermique de Mangamila,centrale thermique,Madagascar,Analamanga,Mangamila,Elec & Eau,12,47.861,-18.569
Centrale hydroélectrique de Tsiazompaniry,centrale hydroélectrique,Madagascar,Analamanga,Ambohimiadana,Henri Fraise Fils & Cie,5200,47.8361,-19.247
Centrale thermique de Tsiazompaniry,centrale thermique,Madagascar,Analamanga,Tsiazompaniry,Jirama,50,47.846,-19.263
Centrale hydroélectrique de Maroantsetra,centrale hydroélectrique,Madagascar,Analanjirofo,Maroantsetra,Hydelec,2500,49.5469,-15.544
Centrale thermique de Fenerive Est,centrale thermique,Madagascar,Analanjirofo,Fenerive Est,Jirama,2340,49.413,-17.381
Centrale thermique de Mananara Nord,centrale thermique,Madagascar,Analanjirofo,Mananara Nord,Jirama,905,49.766,-16.168
Centrale thermique de Sainte Marie,centrale thermique,Madagascar,Analanjirofo,Sainte Marie,Jirama,1800,49.918,-16.855
Centrale thermique de Soanierana Ivongo,centrale thermique,Madagascar,Analanjirofo,Soanierana Ivongo,Jirama,780,49.586,-16.921
Centrale thermique de Vavatenina,centrale thermique,Madagascar,Analanjirofo,Vavatenina,Jirama,610,49.193,-17.464
Centrale thermique d'Ambovombe,centrale thermique,Madagascar,Androy,Ambovombe,Jirama,797,46.087,-25.171
Centrale thermique d'Antanimora Sud,centrale thermique,Madagascar,Androy,Antanimora Sud,Ambinintsoa Energy,96,45.659,-24.815
Centrale thermique de Bekily,centrale thermique,Madagascar,Androy,Bekily,Jirama,262,45.317,-24.219
Centrale thermique de Bekitro,centrale thermique,Madagascar,Androy,Bekitro,Ambinintsoa Energy,20,45.302,-24.556
Centrale thermique de Beloha,centrale thermique,Madagascar,Androy,Beloha,Jirama,100,45.061,-25.167
Centrale thermique de Beraketa,centrale thermique,Madagascar,Androy,Beraketa,SM3E,48,45.674,-24.179
Centrale thermique de Faux Cap,centrale thermique,Madagascar,Androy,Faux Cap,TAZA Production,8,45.529,-25.569
Centrale thermique de Tranoroa,centrale thermique,Madagascar,Androy,Tranoroa,Ambinintsoa Energy,20,45.065,-24.709
Centrale thermique de Tsihombe,centrale thermique,Madagascar,Androy,Tsihombe,Jirama,148,45.483,-25.312
Centrale thermique d'Amboasary Sud,centrale thermique,Madagascar,Anosy,Amboasary Sud,Jirama,617,46.383,-25.04
Centrale thermique de Betroka,centrale thermique,Madagascar,Anosy,Betroka,Jirama,817,46.09,-23.257
Centrale thermique d'Isoanala,centrale thermique,Madagascar,Anosy,Isoanala,Entreprise Vonjy,64,45.715,-23.837
Centrale thermique de Manambaro,centrale thermique,Madagascar,Anosy,Manambaro,Ambinintsoa Energy,64,46.813,-25.028
Centrale thermique de Ranomafana Sud,centrale thermique,Madagascar,Anosy,Ranomafana Sud,Commune,24,46.964,-24.566
Centrale thermique de Ranopiso,centrale thermique,Madagascar,Anosy,Ranopiso,Ambinintsoa Energy,48,46.679,-25.05
Centrale thermique de Taolagnaro,centrale thermique,Madagascar,Anosy,Taolagnaro,QMM,3800,46.996,-25.03
Centrale thermique de Tsivory,centrale thermique,Madagascar,Anosy,Tsivory,SM3E,64,46.076,-24.07
Centrale thermique d'Ambahikily,centrale thermique,Madagascar,Atsimo-Andrefana,Ambahikily,Manampisoa,32,43.674,-21.603
Centrale thermique d'Ampanihy Ouest,centrale thermique,Madagascar,Atsimo-Andrefana,Ampanihy Ouest,Jirama,166,44.746,-24.693
Centrale thermique d'Andranovory,centrale thermique,Madagascar,Atsimo-Andrefana,Andranovory,Entreprise Mazavaloha,48,44.146,-23.142
Centrale thermique d'Ankaraobato,centrale thermique,Madagascar,Atsimo-Andrefana,Ankaraobato,AIDER,15,43.619,-22.791
Centrale thermique d'Ankazoabo Sud,centrale thermique,Madagascar,Atsimo-Andrefana,Ankazoabo Sud,Jirama,214,44.515,-22.288
Centrale thermique d'Ankililoaka,centrale thermique,Madagascar,Atsimo-Andrefana,Ankililoaka,ALM Guano,28,43.618,-22.766
Centrale thermique d'Antanimieva,centrale thermique,Madagascar,Atsimo-Andrefana,Antanimieva,Casielec,12,43.771,-22.249
Centrale thermique de Benenitra,centrale thermique,Madagascar,Atsimo-Andrefana,Benenitra,Jirama,66,45.08,-23.45
Centrale thermique de Beroroha,centrale thermique,Madagascar,Atsimo-Andrefana,Beroroha,Jirama,118,45.168,-21.681
Centrale thermique de Betioky Sud,centrale thermique,Madagascar,Atsimo-Andrefana,Betioky Sud,Jirama,354,44.379,-23.72
Centrale thermique de Bezaha,centrale thermique,Madagascar,Atsimo-Andrefana,Bezaha,Jirama,230,44.5,-23.501
Centrale thermique d'Ejeda,centrale thermique,Madagascar,Atsimo-Andrefana,Ejeda,Entreprise Lefitra,56,44.516,-24.347
Centrale thermique de Fotadrevo,centrale thermique,Madagascar,Atsimo-Andrefana,Fotadrevo,Association des Usagers,64,45.018,-24.053
Centrale thermique de Morombe,centrale thermique,Madagascar,Atsimo-Andrefana,Morombe,Jirama,698,43.36,-21.744
Centrale thermique de Sakaraha,centrale thermique,Madagascar,Atsimo-Andrefana,Sakaraha,Jirama,1060,44.465,-22.908
Centrale thermique de Toliary,centrale thermique,Madagascar,Atsimo-Andrefana,Toliary,Jirama,20990,43.671,-23.347
Centrale thermique de Befotaka,centrale thermique,Madagascar,Atsimo-Atsinanana,Befotaka,Jirama,51,46.986,-23.824
Centrale thermique de Farafangana,centrale thermique,Madagascar,Atsimo-Atsinanana,Farafangana,Jirama,1608,47.829,-22.824
Centrale thermique de Midongy Sud,centrale thermique,Madagascar,Atsimo-Atsinanana,Midongy Atsimo,Jirama,62,47.021,-23.578
Centrale thermique de Vangaindrano,centrale thermique,Madagascar,Atsimo-Atsinanana,Vangaindrano,Jirama,550,47.604,-23.349
Centrale thermique de Vondrozo,centrale thermique,Madagascar,Atsimo-Atsinanana,Vondrozo,Jirama,93,47.316,-22.822
Centrale thermique d'Ambodiatafana,centrale thermique,Madagascar,Atsinanana,Ambodiatafana,Jirama,100,49.673,-15.951
Centrale hydroélectrique d'Andekaleka,centrale hydroélectrique,Madagascar,Atsinanana,Andekaleka,Jirama,91000,48.6193,-18.788
Centrale thermique d'Antanambao Manampontsy,centrale thermique,Madagascar,Atsinanana,Antanambao Manampontsy,Jirama,132,48.576,-19.483
Centrale thermique d'Antsampanana,centrale thermique,Madagascar,Atsinanana,Antsapanana,Elec & Eau,96,48.934,-18.981
Centrale thermique de Betainomby,centrale thermique,Madagascar,Atsinanana,Toamasina,Jirama,48614,49.402,-18.152
Centrale thermique de Betsizaraina,centrale thermique,Madagascar,Atsinanana,Betsizaraina,ECEE,20,48.753,-19.961
Centrale thermique de Brickaville,centrale thermique,Madagascar,Atsinanana,Brickaville,Jirama,518,49.069,-18.819
Centrale thermique de Foulpointe,centrale thermique,Madagascar,Atsinanana,Foulpointe,Jirama,910,49.513,-17.677
Centrale thermique d'Ilaka Est,centrale thermique,Madagascar,Atsinanana,Ilaka Est,COGIC,39,48.68,-19.276
Centrale thermique de Mahanoro,centrale thermique,Madagascar,Atsinanana,Mahanoro,Jirama,685,48.808,-19.896
Centrale thermique de Marolambo,centrale thermique,Madagascar,Atsinanana,Marolambo,Jirama,136,48.132,-20.049
Centrale thermique de Ranomafana Est,centrale thermique,Madagascar,Atsinanana,Ranomafana Est,Elec & Eau,22,48.846,-18.961
Centrale thermique de Tsaravinany,centrale thermique,Madagascar,Atsinanana,Tsaravinany,COGIC,12,48.396,-19.624
Centrale thermique de Vatomandry,centrale thermique,Madagascar,Atsinanana,Vatomandry,Jirama,560,48.978,-19.328
Centrale hydroélectrique de Volobe,centrale hydroélectrique,Madagascar,Atsinanana,Ambodilazana,Jirama,6800,49.178,-18.122
Centrale thermique d'Andriba,centrale thermique,Madagascar,Betsiboka,Andriba,Sermad,55,46.93,-17.59
Centrale thermique d'Antanimbary,centrale thermique,Madagascar,Betsiboka,Antanimbary,Casielec,34,47.059,-17.047
Centrale thermique de Kandreho,centrale thermique,Madagascar,Betsiboka,Kandreho,Jirama,64,46.094,-17.484
Centrale thermique de Maevatanana,centrale thermique,Madagascar,Betsiboka,Maevatanana,Jirama,945,46.828,-16.95
Centrale thermique de Mahatsinjo,centrale thermique,Madagascar,Betsiboka,Mahatsinjo,Sermad,25,47.019,-17.75
Centrale thermique de Mahazoma,centrale thermique,Madagascar,Betsiboka,Mahazoma,Casielec,24,46.567,-17.169
Centrale thermique de Tsaratanàna,centrale thermique,Madagascar,Betsiboka,Tsaratanana,Jirama,215,47.652,-16.796
Centrale thermique d'Ambato Boeny,centrale thermique,Madagascar,Boeny,Ambato Boeny,Jirama,359,46.714,-16.471
Centrale thermique d'Ambondromamy,centrale thermique,Madagascar,Boeny,Ambondromamy,Casielec,100,47.152,-16.434
Centrale thermique d'Andranofasika,centrale thermique,Madagascar,Boeny,Andranofasika,Casielec,24,46.845,-16.335
Centrale thermique d'Andranomamy,centrale thermique,Madagascar,Boeny,Andranomamy,Casielec,42,47.127,-16.534
Centrale thermique d'Anjiajia,centrale thermique,Madagascar,Boeny,Anjiajia,Casielec,34,46.952,-16.463
Centrale thermique d'Ankazomborona,centrale thermique,Madagascar,Boeny,Ankazomborona,Casielec,69,46.757,-16.116
Centrale thermique de Katsepy,centrale thermique,Madagascar,Boeny,Katsepy,Casielec,24,46.239,-15.765
Centrale thermique de Madirovalo,centrale thermique,Madagascar,Boeny,Madirovalo,Casielec,24,46.547,-16.442
Centrale thermique de Mahajanga,centrale thermique,Madagascar,Boeny,Mahajanga,Jirama,27480,46.315,-15.714
Centrale thermique de Marosakoa,centrale thermique,Madagascar,Boeny,Marosakoa,Casielec,16,46.753,-16.176
Centrale thermique de Marovoay,centrale thermique,Madagascar,Boeny,Marovoay,Jirama,1108,46.642,-16.11
Centrale thermique de Mitsinjo,centrale thermique,Madagascar,Boeny,Mitsinjo,Jirama,198,45.871,-16.009
Centrale thermique de Soalala,centrale thermique,Madagascar,Boeny,Soalala,Jirama,164,45.328,-16.101
Centrale thermique de Tsaramandroso,centrale thermique,Madagascar,Boeny,Tsaramandroso,Casielec,12,47.048,-16.364
Centrale thermique de Fenoarivo Centre,centrale thermique,Madagascar,Bongolava,Fenoarivo Centre,Jirama,162,46.565,-18.449
Centrale thermique de Tsiroanomandidy,centrale thermique,Madagascar,Bongolava,Tsiroanomandidy,Jirama,1290,46.052,-18.774
Centrale thermique d'Ambanja,centrale thermique,Madagascar,Diana,Ambanja,Jirama,5402,48.455,-13.679
Centrale thermique d'Ambilobe,centrale thermique,Madagascar,Diana,Ambilobe,Jirama,2440,49.046,-13.188
Centrale thermique d'Ambolobozibe,centrale thermique,Madagascar,Diana,Ambolobozibe,Mad'Eole,16,49.478,-12.549
Centrale thermique d'Ambolobozikely,centrale thermique,Madagascar,Diana,Ambolobozikely,Mad'Eole,16,49.514,-12.455
Centrale thermique d'Anivorano Nord,centrale thermique,Madagascar,Diana,Anivorano Nord,Jirama,675,49.232,-12.739
Centrale thermique d'Antsiranana,centrale thermique,Madagascar,Diana,Antsiranana,Jirama,39100,49.296,-12.28
Centrale thermique de Nosy Be,centrale thermique,Madagascar,Diana,Nosy Be,Jirama,13400,48.267,-13.37
Centrale thermique de Sahasifotra,centrale thermique,Madagascar,Diana,Sahasifotra,Mad'Eole,15,49.298,-12.472
Centrale thermique d'Ankaramalaza,centrale thermique,Madagascar,Fitovinany,Ankaramalaza,Sermad,32,47.74,-22.246
Centrale thermique d'Ikongo,centrale thermique,Madagascar,Fitovinany,Ikongo,Jirama,101,47.439,-21.879
Centrale thermique de Manakara,centrale thermique,Madagascar,Fitovinany,Manakara,Jirama,3420,48.013,-22.146
Centrale thermique de Vohipeno,centrale thermique,Madagascar,Fitovinany,Vohipeno,Jirama,242,47.839,-22.355
Centrale thermique d'Ambohimahamasina,centrale thermique,Madagascar,Haute Matsiatra,Ambohimahamasina,Commune,48,47.185,-21.935
Centrale thermique d'Andoharanomaitso,centrale thermique,Madagascar,Haute Matsiatra,Andoharanomaitso,Sermad,24,46.95,-21.472
Centrale thermique d'Ankidona,centrale thermique,Madagascar,Haute Matsiatra,Fianarantsoa,Jirama,6390,47.069,-21.465
Centrale thermique de Camp Robin,centrale thermique,Madagascar,Haute Matsiatra,Camp Robin,Bagelec,24,47.138,-20.926
Centrale thermique d'Ikalamavony,centrale thermique,Madagascar,Haute Matsiatra,Ikalamavony,Jirama,290,46.59,-21.163
Centrale thermique d'Isorana,centrale thermique,Madagascar,Haute Matsiatra,Isorana,Sermad,24,46.933,-21.323
Centrale hydroélectrique de Manandreana,centrale hydroélectrique,Madagascar,Haute Matsiatra,Talata Ampano,Jirama,400,47.028,-21.503
Centrale thermique de Soatanana,centrale thermique,Madagascar,Haute Matsiatra,Soatanana,Sermad,32,46.918,-21.391
Centrale thermique de Vohiposa,centrale thermique,Madagascar,Haute Matsiatra,Vohiposa,Bagelec,24,47.163,-20.991
Centrale thermique d'Andohanilakaka,centrale thermique,Madagascar,Ihorombe,Andohanilakaka,SEEM,80,45.223,-22.697
Centrale thermique d'Iakora,centrale thermique,Madagascar,Ihorombe,Iakora,Jirama,97,46.658,-23.102
Centrale thermique d'Ihosy,centrale thermique,Madagascar,Ihorombe,Ihosy,Jirama,2674,46.127,-22.403
Centrale thermique d'Ivohibe,centrale thermique,Madagascar,Ihorombe,Ivohibe,Jirama,172,46.889,-22.482
Centrale thermique de Manombo Be,centrale thermique,Madagascar,Ihorombe,Manombo Be,Soufourel,32,45.103,-22.788
Centrale thermique de Ranohira,centrale thermique,Madagascar,Ihorombe,Ranohira,Jirama,577,45.415,-22.559
Centrale thermique d'Ambatomainty,centrale thermique,Madagascar,Melaky,Ambatomainty,Jirama,100,45.664,-17.695
Centrale thermique d'Antsalova,centrale thermique,Madagascar,Melaky,Antsalova,Jirama,98,44.623,-18.677
Centrale thermique de Besalampy,centrale thermique,Madagascar,Melaky,Besalampy,Jirama,162,44.491,-16.747
Centrale thermique de Maintirano,centrale thermique,Madagascar,Melaky,Maintirano,Jirama,785,44.024,-18.061
Centrale thermique de Morafenobe,centrale thermique,Madagascar,Melaky,Morafenobe,Jirama,162,44.925,-17.817
Centrale thermique d'Ambatolahy,centrale thermique,Madagascar,Menabe,Ambatolahy,Commune,12,45.538,-20.009
Centrale thermique de Belo Tsiribihina,centrale thermique,Madagascar,Menabe,Belo Tsiribihina,Jirama,533,44.547,-19.701
Centrale thermique de Mahabo,centrale thermique,Madagascar,Menabe,Mahabo,Jirama,486,44.667,-20.383
Centrale thermique de Malaimbandy,centrale thermique,Madagascar,Menabe,Malaimbandy,Power & Water,12,45.595,-20.34
Centrale thermique de Manja,centrale thermique,Madagascar,Menabe,Manja,Jirama,320,44.33,-21.433
Centrale thermique de Miandrivazo,centrale thermique,Madagascar,Menabe,Miandrivazo,Jirama,582,45.457,-19.527
Centrale thermique de Morondava,centrale thermique,Madagascar,Menabe,Morondava,Jirama,3570,44.284,-20.297
Centrale thermique d'Ampanefena,centrale thermique,Madagascar,Sava,Ampanefena,Jirama,983,49.948,-13.863
Centrale thermique d'Andapa,centrale thermique,Madagascar,Sava,Andapa,Jirama,1040,49.65,-14.666
Centrale thermique d'Antalaha,centrale thermique,Madagascar,Sava,Antalaha,Jirama,7010,50.278,-14.902
Centrale thermique d'Antsirabe Nord,centrale thermique,Madagascar,Sava,Antsirabe Nord,Jirama,58,49.973,-13.979
Centrale thermique de Fanambana,centrale thermique,Madagascar,Sava,Fanambana,SEEM,64,49.986,-13.554
Centrale thermique de Farahalana,centrale thermique,Madagascar,Sava,Farahalana,SEEM,64,50.157,-14.429
Centrale thermique de Sambava,centrale thermique,Madagascar,Sava,Sambava,Jirama,5144,50.151,-14.257
Centrale thermique de Vohémar,centrale thermique,Madagascar,Sava,Vohémar,Jirama,1515,50.003,-13.352
Centrale thermique d'Anahidrano,centrale thermique,Madagascar,Sofia,Anahidrano,Jirama,34,47.888,-15.033
Centrale thermique d'Analalava,centrale thermique,Madagascar,Sofia,Analalava,Jirama,278,47.754,-14.628
Centrale thermique d'Antsohihy,centrale thermique,Madagascar,Sofia,Antsohihy,Jirama,2062,47.986,-14.879
Centrale thermique de Bealanana,centrale thermique,Madagascar,Sofia,Bealanana,Jirama,656,48.751,-14.543
Centrale thermique de Befandriana Nord,centrale thermique,Madagascar,Sofia,Befandriana Nord,Jirama,558,48.536,-15.261
Centrale thermique de Mampikony,centrale thermique,Madagascar,Sofia,Mampikony,Jirama,823,47.645,-16.092
Centrale thermique de Mandritsara,centrale thermique,Madagascar,Sofia,Mandritsara,Jirama,1100,48.821,-15.85
Centrale thermique de Port-bergé,centrale thermique,Madagascar,Sofia,Port-Bergé,Jirama,526,47.63,-15.569
Centrale thermique d'Ankazomiriotra,centrale thermique,Madagascar,Vakinankaratra,Ankazomiriotra,Power & Water,64,46.536,-19.661
Centrale thermique d'Antsirabe,centrale thermique,Madagascar,Vakinankaratra,Antsirabe,Jirama,16200,47.035,-19.872
Centrale thermique de Farihimena,centrale thermique,Madagascar,Vakinankaratra,Farihimena,Sermad,12,46.943,-19.682
Centrale hydroélectrique de Manandona,centrale hydroélectrique,Madagascar,Vakinankaratra,Antsirabe,Jirama,1600,47.0734,-19.938
Centrale thermique de Mandoto,centrale thermique,Madagascar,Vakinankaratra,Mandoto,Power & Water,32,46.29,-19.58
Centrale hydroélectrique de Sahanivotry,centrale hydroélectrique,Madagascar,Vakinankaratra,Sahanivotry Manandona,Hydelec,15000,47.1028,-20.113
Centrale thermique de Mananjary,centrale thermique,Madagascar,Vatovavy,Mananjary,Jirama,1304,48.343,-21.238
Centrale hydroélectrique de Namorona,centrale hydroélectrique,Madagascar,Vatovavy,Ranomafana,Jirama,5600,47.4327,-21.254
Centrale thermique de Nosy Varika,centrale thermique,Madagascar,Vatovavy,Nosy Varika,Jirama,108,48.533,-20.583
Centrale thermique de Vohilava,centrale thermique,Madagascar,Vatovavy,Vohilava,COGIC,30,48.007,-21.079
